,isolationFreq,transitionFreq,ball-handlerFreq,roll-manFreq,playtype-post-upFreq,spot-upFreq,hand-offFreq,cutFreq,off-screenFreq,putbacksFreq,playtype-miscFreq
1,7.2375,9.1375,12.1125,3.1374999999999997,4.55,9.5875,3.1125,3.3375000000000004,2.2625,0.9375000000000001,4.975
2,2.9000000000000004,12.4375,7.1375,7.8125,10.4875,26.575,6.05,4.0375,9.3,3.475,4.725
3,2.5375,9.3,7.7375,10.4875,7.0125,19.0,1.775,11.3375,2.8,6.3125,6.55
4,4.6375,10.6375,7.9750000000000005,9.65,12.6,21.1125,3.5875,8.524999999999999,5.5625,5.9375,6.8375
5,2.25,7.3625,0.1875,11.7625,11.875,13.1375,0.1125,11.275,1.65,7.9625,6.275
6,4.475,18.65,13.5125,3.95,2.6750000000000003,24.2875,6.4625,6.4125,10.25,4.0625,5.3500000000000005
7,6.5375,10.325,12.7625,9.2875,11.1125,16.4,3.25,5.35,4.1499999999999995,3.8125,5.4625
8,4.475,7.725,2.9875,14.175,13.9875,15.225,2.0125,6.8875,3.3375,8.2125,4.9
9,5.5625,12.425,12.7,4.7125,6.4875,20.075,5.2625,4.425,5.625,3.4625,5.3375
10,5.0875,12.9625,25.0,1.4625000000000001,0.5875,19.625,4.675,2.3375000000000004,7.4375,0.5875,4.1125
all_mean,4.494897959183674,10.923469387755102,10.626530612244899,7.512244897959184,7.990816326530613,18.437755102040818,3.5989795918367347,7.059183673469389,4.834693877551021,4.741836734693877,5.342857142857143
