,isolationFreq,transitionFreq,ball-handlerFreq,roll-manFreq,playtype-post-upFreq,spot-upFreq,hand-offFreq,cutFreq,off-screenFreq,putbacksFreq,playtype-miscFreq
1,7.3,10.290000000000001,14.05,2.7199999999999998,4.08,11.959999999999999,3.62,4.14,3.07,2.16,4.89
2,4.5600000000000005,11.629999999999999,8.67,7.840000000000001,9.73,23.06,5.720000000000001,7.06,7.7700000000000005,4.36,4.89
3,3.566666666666667,9.68888888888889,8.399999999999999,9.444444444444445,7.677777777777777,19.5,2.288888888888889,10.555555555555555,3.2222222222222223,6.0,6.211111111111111
4,3.71,9.04,6.380000000000001,9.95,11.84,17.34,2.87,8.66,4.45,6.590000000000001,6.590000000000001
5,3.3200000000000003,8.03,2.17,11.2,9.92,14.680000000000001,0.89,12.16,1.6,7.88,6.83
6,3.5799999999999996,16.84,10.809999999999999,6.6,5.82,22.369999999999997,5.17,8.93,8.2,5.64,5.75
7,6.15,11.16,18.6,7.43,9.5,17.16,3.38,4.67,3.6100000000000003,3.25,5.35
8,4.111111111111111,7.3999999999999995,2.6555555555555554,14.844444444444443,16.177777777777777,15.266666666666667,1.788888888888889,7.122222222222222,3.2666666666666666,8.38888888888889,4.622222222222223
9,4.45,12.99,10.52,4.85,5.4799999999999995,24.380000000000003,5.61,4.88,6.890000000000001,3.17,5.0200000000000005
10,4.07,11.69,22.990000000000002,1.1700000000000002,0.47000000000000003,18.45,4.34,2.7700000000000005,5.95,0.47000000000000003,3.29
all_mean,4.494897959183674,10.923469387755102,10.626530612244899,7.512244897959184,7.990816326530613,18.437755102040818,3.5989795918367347,7.059183673469389,4.834693877551021,4.741836734693877,5.342857142857143
