type,component,rank,mean,var,mean_all,var_group
spot-upFreq,6,1,25.78,33.11199999999999,18.437755102040818,45.10514789670973
