,isolationFreq,transitionFreq,ball-handlerFreq,roll-manFreq,playtype-post-upFreq,spot-upFreq,hand-offFreq,cutFreq,off-screenFreq,putbacksFreq,playtype-miscFreq
1,5.68,6.9,11.379999999999999,5.02,6.32,7.26,2.9200000000000004,4.12,1.44,0.38,5.7
2,3.66,13.16,6.8,9.66,14.64,21.5,5.4799999999999995,4.42,7.0,2.8600000000000003,3.6399999999999997
3,1.4,7.220000000000001,7.140000000000001,10.040000000000001,4.0600000000000005,20.740000000000002,1.9,11.14,1.64,4.94,6.540000000000001
4,6.12,11.059999999999999,4.74,4.7,16.72,22.259999999999998,3.06,8.66,8.42,6.2,6.62
5,3.1,7.38,0.3,11.0,7.220000000000001,5.779999999999999,0.18,11.1,0.64,7.7,5.279999999999999
6,3.28,17.54,12.7,4.9799999999999995,1.6800000000000002,25.78,7.459999999999999,7.1,8.8,5.220000000000001,5.720000000000001
7,4.92,13.66,14.34,5.5600000000000005,7.540000000000001,13.039999999999997,2.74,5.6,4.04,4.54,5.659999999999999
8,3.9,6.94,4.54,12.280000000000001,11.74,14.559999999999999,2.7199999999999998,6.459999999999999,4.62,6.12,5.46
9,7.159999999999999,14.38,18.18,0.0,0.16,21.16,6.0600000000000005,1.58,5.46,1.42,3.4200000000000004
10,4.46,12.18,25.48,0.18,0.9400000000000001,12.86,5.58,2.34,9.379999999999999,0.24,3.3
all_mean,4.494897959183674,10.923469387755102,10.626530612244899,7.512244897959184,7.990816326530613,18.437755102040818,3.5989795918367347,7.059183673469389,4.834693877551021,4.741836734693877,5.342857142857143
